,Date,Low,High,Close,Open
1130,2018-12-19,1494.77,1506.0,1494.83,1501.0
1129,2018-12-19,1501.36,1507.23,1502.79,1503.7909
1128,2018-12-19,1497.0,1504.0,1504.0,1497.0
1127,2018-12-19,1488.8199,1497.0,1496.7085,1492.84
1126,2018-12-19,1489.5551,1497.48,1494.9,1497.21
1125,2018-12-19,1490.3669,1502.0,1499.33,1495.0
1124,2018-12-19,1493.02,1505.55,1493.02,1501.8466
1123,2018-12-19,1483.1801,1505.21,1502.8,1501.67
1122,2018-12-19,1495.2603,1516.269,1502.1801,1514.1066
1121,2018-12-19,1497.5,1514.35,1514.0724,1506.8101
1120,2018-12-19,1485.9399,1506.5188,1505.735,1493.7
1119,2018-12-19,1491.855,1514.85,1493.75,1514.46
1118,2018-12-19,1509.71,1526.9882,1515.55,1526.9882
1117,2018-12-19,1523.0,1537.83,1526.9399,1537.83
1116,2018-12-19,1527.48,1541.92,1538.25,1532.62
1115,2018-12-19,1530.62,1563.33,1530.62,1563.3199
1114,2018-12-19,1559.34,1570.0601,1563.733,1563.01
1113,2018-12-19,1545.01,1565.46,1562.9301,1551.8199
1112,2018-12-19,1545.0045,1553.0,1550.75,1548.66
1111,2018-12-19,1538.1,1548.6,1548.5427,1540.726
1110,2018-12-19,1527.85,1542.4382,1539.9487,1530.0
1109,2018-12-19,1522.02,1544.2277,1530.423,1541.8101
1108,2018-12-19,1535.6801,1551.9,1541.22,1536.505
1107,2018-12-19,1535.0,1583.9976,1536.37,1582.9976
1106,2018-12-19,1574.0754,1582.0,1582.0,1574.0754
1105,2018-12-19,1573.6899,1577.0,1573.6899,1576.4
1104,2018-12-19,1575.0448,1577.77,1576.7378,1577.5469
1103,2018-12-19,1572.84,1577.54,1576.6934,1572.84
1102,2018-12-19,1569.72,1572.84,1572.0717,1569.72
1101,2018-12-19,1569.0699,1571.99,1569.88,1569.2805
1100,2018-12-19,1565.5,1569.5699,1568.63,1566.42
1099,2018-12-19,1566.6801,1573.8101,1566.726,1573.3213
1098,2018-12-19,1569.6246,1573.0625,1573.0625,1571.2554
1097,2018-12-19,1571.0,1574.5601,1571.5699,1571.74
1096,2018-12-19,1568.365,1571.92,1571.92,1570.0
1095,2018-12-19,1568.5,1571.0,1569.74,1570.0601
1094,2018-12-19,1569.5104,1572.6541,1571.105,1572.1405
1093,2018-12-19,1571.0,1577.5532,1573.08,1573.859
1092,2018-12-19,1572.8267,1578.02,1573.7987,1578.02
1091,2018-12-19,1575.6482,1579.3462,1577.9954,1579.34
1090,2018-12-19,1577.0,1579.745,1578.9482,1578.4
1089,2018-12-19,1574.65,1579.1226,1578.6052,1575.24
1088,2018-12-19,1574.1499,1576.25,1575.0601,1574.37
1087,2018-12-19,1572.325,1574.88,1574.8744,1573.0
1086,2018-12-19,1571.12,1574.3073,1573.4399,1572.98
1085,2018-12-19,1573.0,1577.0894,1573.0,1577.0894
1084,2018-12-19,1573.1835,1577.25,1577.25,1575.0
1083,2018-12-19,1574.52,1577.26,1575.58,1575.0138
1082,2018-12-19,1570.6278,1577.17,1575.7656,1572.55
1081,2018-12-19,1567.0352,1573.0277,1572.2,1567.0352
1080,2018-12-19,1561.08,1567.0,1567.0,1561.08
1079,2018-12-19,1560.2416,1562.8505,1561.9408,1562.67
1078,2018-12-19,1560.9144,1563.1351,1562.1,1561.8
1077,2018-12-19,1559.8,1561.13,1561.05,1560.85
1076,2018-12-19,1559.5076,1562.115,1561.1,1561.5
1075,2018-12-19,1560.5031,1562.9379,1561.7283,1561.199
1074,2018-12-19,1557.73,1560.6899,1560.6899,1560.0337
1073,2018-12-19,1559.15,1564.075,1559.588,1561.2025
1072,2018-12-19,1560.5701,1564.84,1561.15,1564.6801
1071,2018-12-19,1562.6899,1568.0,1564.1801,1568.0
1070,2018-12-19,1563.8289,1568.52,1567.5,1568.3199
1069,2018-12-19,1565.505,1570.0,1568.48,1565.505
1068,2018-12-19,1565.0,1567.24,1565.08,1566.25
1067,2018-12-19,1566.3,1570.2318,1566.9554,1569.4399
1066,2018-12-19,1569.23,1574.4261,1569.67,1572.3
1065,2018-12-19,1570.05,1576.4399,1570.203,1570.05
1064,2018-12-19,1567.4828,1571.1726,1569.85,1568.95
1063,2018-12-19,1568.77,1572.48,1569.0,1569.5
1062,2018-12-19,1567.0,1571.4976,1569.0,1567.0
1061,2018-12-19,1562.7825,1570.0,1567.8246,1568.75
1060,2018-12-19,1563.0,1568.3574,1567.88,1564.95
1059,2018-12-19,1564.71,1572.4301,1565.03,1568.8644
1058,2018-12-19,1568.67,1574.87,1569.0,1569.0699
1057,2018-12-19,1562.09,1570.38,1568.58,1566.985
1056,2018-12-19,1556.5,1567.17,1567.17,1559.39
1055,2018-12-19,1556.5,1560.41,1558.8258,1556.5
1054,2018-12-19,1547.088,1556.605,1556.16,1547.088
1053,2018-12-19,1538.0067,1555.455,1546.84,1543.3431
1052,2018-12-18,1550.62,1559.27,1551.11,1559.27
1051,2018-12-18,1555.0,1558.64,1558.5,1557.7375
1050,2018-12-18,1549.51,1559.6899,1557.41,1549.92
1049,2018-12-18,1543.09,1550.95,1549.8,1543.09
1048,2018-12-18,1542.3101,1547.5,1542.3101,1545.49
1047,2018-12-18,1535.35,1545.0323,1545.0143,1535.35
1046,2018-12-18,1531.13,1536.6324,1534.8774,1536.6324
1045,2018-12-18,1534.4069,1538.9,1537.74,1535.5
1044,2018-12-18,1529.5524,1536.8199,1535.4521,1530.8199
1043,2018-12-18,1526.5643,1532.6647,1530.8199,1528.38
1042,2018-12-18,1525.0,1532.52,1528.02,1529.546
1041,2018-12-18,1523.6827,1530.7179,1529.1274,1529.7
1040,2018-12-18,1530.0,1539.11,1530.0,1538.5
1039,2018-12-18,1537.3228,1541.7726,1538.84,1538.51
1038,2018-12-18,1535.7,1539.595,1538.8199,1537.11
1037,2018-12-18,1537.09,1547.0226,1537.4553,1546.4528
1036,2018-12-18,1543.55,1549.58,1546.1801,1548.6663
1035,2018-12-18,1548.5,1555.2122,1548.991,1555.14
1034,2018-12-18,1552.9,1556.0793,1555.25,1553.13
1033,2018-12-18,1551.0,1554.9301,1553.24,1551.0
1032,2018-12-18,1550.3199,1556.74,1551.6493,1555.8101
1031,2018-12-18,1555.8101,1560.1056,1555.8101,1558.12
1030,2018-12-18,1552.9126,1558.053,1558.053,1555.59
1029,2018-12-18,1548.5,1555.3431,1555.27,1548.5
1028,2018-12-18,1548.0,1552.1899,1549.5601,1551.48
1027,2018-12-18,1550.2,1558.6,1551.9,1558.6
1026,2018-12-18,1554.7288,1558.87,1558.6187,1555.5946
1025,2018-12-18,1550.2,1556.37,1555.7938,1550.5889
1024,2018-12-18,1550.2,1555.79,1550.39,1553.8073
1023,2018-12-18,1552.7058,1559.6287,1554.72,1559.1801
1022,2018-12-18,1559.0,1562.5601,1559.1281,1562.5601
1021,2018-12-18,1560.75,1563.7,1561.6613,1561.1187
1020,2018-12-18,1560.95,1567.05,1561.1021,1567.05
1019,2018-12-18,1562.85,1567.55,1567.3108,1565.4874
1018,2018-12-18,1564.17,1567.0,1565.8365,1565.8
1017,2018-12-18,1561.5,1566.96,1564.9692,1562.75
1016,2018-12-18,1561.6,1565.34,1562.9438,1563.0
1015,2018-12-18,1557.775,1563.83,1562.6573,1558.7
1014,2018-12-18,1556.3,1560.84,1557.79,1558.37
1013,2018-12-18,1552.8235,1558.7141,1557.5426,1554.84
1012,2018-12-18,1553.3219,1555.7671,1554.011,1554.5
1011,2018-12-18,1549.8,1555.0,1554.0,1550.1899
1010,2018-12-18,1549.1957,1551.79,1549.6046,1550.3796
1009,2018-12-18,1548.9244,1553.86,1550.1482,1552.22
1008,2018-12-18,1546.5,1552.0,1552.0,1549.85
1007,2018-12-18,1546.74,1550.0,1549.5,1546.88
1006,2018-12-18,1542.9301,1548.72,1546.53,1542.9301
1005,2018-12-18,1539.88,1543.37,1543.0067,1540.11
1004,2018-12-18,1538.2539,1542.2,1538.86,1540.6173
1003,2018-12-18,1537.75,1542.36,1540.0571,1541.47
1002,2018-12-18,1536.415,1541.5,1541.5,1537.0367
1001,2018-12-18,1537.16,1540.4741,1537.71,1537.75
1000,2018-12-18,1537.72,1543.46,1537.72,1538.0
999,2018-12-18,1534.48,1538.95,1537.28,1534.9727
998,2018-12-18,1528.71,1535.46,1534.4591,1532.5
997,2018-12-18,1532.4399,1537.485,1532.97,1536.5
996,2018-12-18,1535.5,1543.0,1538.27,1542.4969
995,2018-12-18,1536.2,1541.95,1541.95,1536.88
994,2018-12-18,1535.73,1538.46,1537.4,1537.76
993,2018-12-18,1536.548,1543.36,1537.42,1539.42
992,2018-12-18,1536.13,1538.99,1537.9,1538.0
991,2018-12-18,1535.27,1539.26,1536.66,1535.27
990,2018-12-18,1527.8665,1535.23,1535.23,1529.8879
989,2018-12-18,1529.0,1540.0137,1530.0,1540.0
988,2018-12-18,1535.8,1540.2206,1539.8599,1538.8522
987,2018-12-18,1534.8873,1540.74,1538.2837,1534.8873
986,2018-12-18,1531.0044,1536.1,1534.64,1532.646
985,2018-12-18,1528.0,1535.0,1534.4301,1535.0
984,2018-12-18,1532.14,1538.08,1534.0,1536.84
983,2018-12-18,1527.29,1537.205,1536.6899,1528.59
982,2018-12-18,1526.0,1536.6954,1529.0131,1534.27
981,2018-12-18,1534.0,1545.0,1534.6234,1543.925
980,2018-12-18,1543.25,1549.6392,1544.1857,1547.89
979,2018-12-18,1542.453,1548.5281,1546.3225,1547.0
978,2018-12-18,1545.4637,1550.63,1547.79,1548.1224
977,2018-12-18,1535.455,1551.0,1546.76,1535.455
976,2018-12-18,1533.0,1545.0,1534.25,1541.9301
975,2018-12-18,1534.0,1542.7,1540.9,1537.11
974,2018-12-17,1511.16,1522.965,1522.965,1511.16
973,2018-12-17,1509.9399,1514.0,1511.89,1511.795
972,2018-12-17,1506.23,1518.42,1512.03,1512.13
971,2018-12-17,1511.2244,1515.67,1512.145,1514.99
970,2018-12-17,1506.0254,1514.99,1514.4509,1507.53
969,2018-12-17,1505.02,1510.99,1508.0699,1510.99
968,2018-12-17,1506.3928,1516.6372,1510.215,1516.3101
967,2018-12-17,1516.6323,1521.0,1516.8203,1520.525
966,2018-12-17,1520.0,1523.63,1520.5649,1522.79
965,2018-12-17,1520.135,1524.9094,1522.0625,1520.53
964,2018-12-17,1520.0,1526.3025,1520.55,1521.6003
963,2018-12-17,1520.3199,1527.99,1522.2167,1527.61
962,2018-12-17,1524.78,1528.9301,1528.42,1526.05
961,2018-12-17,1523.83,1532.3474,1526.58,1531.51
960,2018-12-17,1530.589,1536.5,1531.8842,1532.91
959,2018-12-17,1528.5496,1535.55,1532.3199,1528.5496
958,2018-12-17,1526.705,1529.9,1528.28,1529.1239
957,2018-12-17,1525.9102,1531.35,1528.8,1525.9102
956,2018-12-17,1525.45,1531.5,1525.45,1530.91
955,2018-12-17,1527.42,1535.48,1530.635,1528.3254
954,2018-12-17,1526.0,1529.72,1527.9525,1528.89
953,2018-12-17,1523.62,1529.8101,1529.23,1525.0601
952,2018-12-17,1523.1411,1526.9785,1525.33,1525.4633
951,2018-12-17,1525.15,1533.1082,1526.16,1530.575
950,2018-12-17,1531.16,1537.1766,1531.16,1535.24
949,2018-12-17,1530.5172,1535.6899,1534.5699,1535.5
948,2018-12-17,1527.5592,1534.98,1534.49,1532.285
947,2018-12-17,1530.5343,1537.415,1532.4102,1531.49
946,2018-12-17,1528.0,1531.91,1531.1801,1530.45
945,2018-12-17,1531.1,1541.6677,1531.37,1538.0
944,2018-12-17,1538.33,1541.35,1538.96,1539.55
943,2018-12-17,1531.0,1539.6392,1539.6392,1535.36
942,2018-12-17,1534.905,1539.0699,1536.505,1538.0
941,2018-12-17,1536.42,1545.46,1539.0,1544.5226
940,2018-12-17,1539.8821,1545.6663,1544.75,1539.8821
939,2018-12-17,1538.8101,1542.01,1540.0,1541.7043
938,2018-12-17,1542.0,1548.9321,1542.0,1548.9321
937,2018-12-17,1546.666,1553.5385,1547.26,1553.04
936,2018-12-17,1550.48,1554.14,1553.6525,1551.15
935,2018-12-17,1547.2,1552.92,1550.8199,1549.28
934,2018-12-17,1542.52,1550.9399,1550.4301,1546.8984
933,2018-12-17,1546.78,1558.9821,1546.78,1558.66
932,2018-12-17,1557.04,1560.1383,1559.62,1560.0
931,2018-12-17,1560.26,1566.52,1560.26,1564.0062
930,2018-12-17,1559.84,1565.36,1563.9425,1563.9301
929,2018-12-17,1563.96,1568.6899,1564.2603,1567.17
928,2018-12-17,1567.47,1573.0,1567.47,1569.9033
927,2018-12-17,1567.22,1573.0,1569.85,1568.9
926,2018-12-17,1561.1023,1569.04,1569.04,1561.1023
925,2018-12-17,1560.646,1563.3406,1561.4,1562.4799
924,2018-12-17,1556.8984,1561.0,1560.92,1559.64
923,2018-12-17,1558.8,1566.61,1559.0341,1565.5
922,2018-12-17,1562.6625,1569.0995,1565.6852,1568.86
921,2018-12-17,1567.71,1570.73,1569.98,1570.653
920,2018-12-17,1568.1718,1573.6899,1570.37,1568.1718
919,2018-12-17,1567.0699,1572.85,1567.73,1571.0699
918,2018-12-17,1569.84,1574.8687,1570.495,1572.8005
917,2018-12-17,1569.3503,1576.13,1572.8101,1574.38
916,2018-12-17,1568.5699,1575.333,1573.88,1570.5
915,2018-12-17,1558.88,1570.1801,1570.0,1558.88
914,2018-12-17,1552.9808,1562.21,1559.38,1553.8
913,2018-12-17,1549.01,1554.5601,1552.58,1552.08
912,2018-12-17,1552.55,1560.9808,1552.9399,1560.45
911,2018-12-17,1549.1121,1564.3313,1559.91,1552.1
910,2018-12-17,1551.73,1555.585,1553.3805,1555.585
909,2018-12-17,1555.3828,1568.55,1555.3828,1567.0
908,2018-12-17,1557.42,1570.0,1566.8872,1557.42
907,2018-12-17,1555.49,1560.25,1557.02,1558.5601
906,2018-12-17,1554.3538,1560.7,1558.5074,1556.62
905,2018-12-17,1540.915,1557.6505,1556.61,1543.4
904,2018-12-17,1537.395,1545.3853,1543.775,1540.01
903,2018-12-17,1540.1616,1547.89,1540.864,1544.4
902,2018-12-17,1535.96,1545.4301,1544.91,1536.0
901,2018-12-17,1526.86,1536.12,1535.355,1536.12
900,2018-12-17,1533.0825,1544.67,1536.54,1541.3199
899,2018-12-17,1537.6,1553.2968,1543.1801,1549.5
898,2018-12-17,1545.929,1563.11,1550.0,1561.8879
897,2018-12-17,1555.0,1570.49,1562.0,1564.995
896,2018-12-14,1591.5601,1596.465,1591.92,1594.0
895,2018-12-14,1589.0,1593.89,1593.5601,1590.1801
894,2018-12-14,1585.12,1590.58,1590.39,1586.8575
893,2018-12-14,1586.79,1591.0699,1586.79,1590.0
892,2018-12-14,1590.25,1594.6606,1590.25,1593.63
891,2018-12-14,1593.05,1598.6,1593.88,1596.09
890,2018-12-14,1595.0,1599.235,1596.11,1597.5
889,2018-12-14,1596.0,1599.95,1598.085,1599.2
888,2018-12-14,1595.3,1599.39,1599.39,1598.3691
887,2018-12-14,1593.3531,1600.52,1599.0,1593.89
886,2018-12-14,1593.515,1599.0,1594.0,1597.05
885,2018-12-14,1597.5601,1604.3145,1597.61,1601.765
884,2018-12-14,1597.0,1605.6116,1602.4,1597.6
883,2018-12-14,1597.0,1604.8164,1597.5024,1603.355
882,2018-12-14,1603.22,1607.26,1603.22,1604.38
881,2018-12-14,1602.4595,1610.6,1603.6899,1607.1547
880,2018-12-14,1606.52,1613.847,1607.41,1613.35
879,2018-12-14,1613.401,1617.6431,1613.8,1617.6431
878,2018-12-14,1615.6899,1619.0,1617.01,1618.75
877,2018-12-14,1616.9568,1619.0699,1618.35,1617.4399
876,2018-12-14,1615.1801,1618.55,1617.3737,1615.9543
875,2018-12-14,1612.66,1616.465,1615.8647,1616.35
874,2018-12-14,1616.49,1618.99,1616.86,1616.49
873,2018-12-14,1614.6682,1617.0,1616.2676,1616.0001
872,2018-12-14,1615.22,1617.7405,1615.535,1617.274
871,2018-12-14,1617.1224,1620.35,1617.1224,1617.83
870,2018-12-14,1615.9301,1618.39,1617.33,1615.9301
869,2018-12-14,1612.907,1616.5,1616.25,1612.907
868,2018-12-14,1612.1604,1615.85,1613.7072,1614.3199
867,2018-12-14,1614.0,1618.99,1614.22,1618.1414
866,2018-12-14,1617.97,1621.27,1618.9318,1618.0
865,2018-12-14,1618.04,1621.3499,1618.12,1620.28
864,2018-12-14,1620.76,1624.5909,1620.76,1624.59
863,2018-12-14,1623.17,1626.14,1625.4561,1624.35
862,2018-12-14,1620.0,1624.67,1624.5,1620.0
861,2018-12-14,1618.42,1621.0,1619.5917,1620.8029
860,2018-12-14,1621.3568,1624.24,1621.4547,1623.3
859,2018-12-14,1620.4681,1623.46,1622.865,1620.8997
858,2018-12-14,1620.0,1622.53,1621.21,1621.9399
857,2018-12-14,1620.8,1622.585,1622.0,1622.585
856,2018-12-14,1623.01,1625.5,1623.4102,1625.0
855,2018-12-14,1622.61,1626.08,1624.0,1622.61
854,2018-12-14,1620.0,1624.01,1622.64,1620.8
853,2018-12-14,1618.95,1622.3101,1621.55,1620.2
852,2018-12-14,1616.72,1622.5,1620.02,1616.72
851,2018-12-14,1616.7,1621.9575,1616.7,1620.5638
850,2018-12-14,1620.38,1626.0,1622.0,1624.39
849,2018-12-14,1623.0699,1627.1282,1623.23,1624.8
848,2018-12-14,1622.4,1627.42,1623.14,1627.1899
847,2018-12-14,1623.0,1627.39,1627.39,1625.0
846,2018-12-14,1625.0,1627.05,1625.59,1626.385
845,2018-12-14,1627.48,1631.0,1628.0,1627.48
844,2018-12-14,1626.0,1629.65,1628.77,1629.3149
843,2018-12-14,1629.13,1632.0,1629.13,1630.2433
842,2018-12-14,1627.6899,1629.5544,1628.48,1628.1425
841,2018-12-14,1627.97,1632.4899,1628.1,1631.24
840,2018-12-14,1629.28,1632.5457,1630.5245,1631.7738
839,2018-12-14,1629.6801,1634.5601,1632.12,1634.5601
838,2018-12-14,1635.245,1639.7198,1636.0607,1638.23
837,2018-12-14,1634.3,1638.4351,1637.71,1635.335
836,2018-12-14,1635.71,1638.28,1636.8401,1638.26
835,2018-12-14,1633.34,1639.725,1638.6,1633.5
834,2018-12-14,1628.4,1635.0,1634.3,1628.4
833,2018-12-14,1627.37,1630.6899,1628.52,1627.6
832,2018-12-14,1624.34,1628.99,1628.665,1626.4872
831,2018-12-14,1625.0,1628.6215,1627.27,1627.3123
830,2018-12-14,1626.0,1632.2,1628.04,1630.5063
829,2018-12-14,1630.0,1635.4958,1630.59,1634.5955
828,2018-12-14,1631.4106,1636.4399,1634.37,1631.4106
827,2018-12-14,1627.0,1632.1,1631.0,1632.1
826,2018-12-14,1631.9,1636.16,1632.0,1636.16
825,2018-12-14,1631.79,1637.0,1637.0,1634.08
824,2018-12-14,1629.0,1637.05,1634.03,1633.5
823,2018-12-14,1625.0,1633.66,1633.3199,1630.105
822,2018-12-14,1627.5,1634.4399,1630.28,1627.512
821,2018-12-14,1622.61,1630.53,1627.4839,1625.3199
820,2018-12-14,1623.222,1630.7847,1625.45,1629.99
819,2018-12-14,1629.2175,1642.0,1631.54,1636.3
818,2018-12-13,1655.21,1659.74,1659.74,1655.21
817,2018-12-13,1653.665,1656.595,1654.73,1655.33
816,2018-12-13,1654.0,1658.96,1655.2394,1658.0
815,2018-12-13,1651.4301,1657.91,1657.91,1651.4301
814,2018-12-13,1648.4399,1652.61,1651.8101,1652.61
813,2018-12-13,1650.5146,1654.99,1653.1,1652.01
812,2018-12-13,1652.33,1656.0,1652.62,1653.6584
811,2018-12-13,1651.65,1655.54,1655.0299,1653.1801
810,2018-12-13,1649.85,1655.0,1653.99,1650.0
809,2018-12-13,1645.0,1650.0,1649.21,1646.0205
808,2018-12-13,1646.64,1648.9768,1646.64,1648.12
807,2018-12-13,1647.9495,1651.42,1648.0,1650.1801
806,2018-12-13,1647.22,1651.66,1649.74,1648.24
805,2018-12-13,1644.54,1649.4,1648.47,1644.54
804,2018-12-13,1642.9309,1645.1945,1643.98,1643.91
803,2018-12-13,1643.55,1646.86,1643.99,1645.2963
802,2018-12-13,1642.0,1645.35,1645.29,1644.98
801,2018-12-13,1645.46,1648.0,1645.51,1647.55
800,2018-12-13,1643.58,1648.39,1648.1,1645.559
799,2018-12-13,1645.2329,1647.41,1645.8101,1646.0
798,2018-12-13,1643.9827,1646.6719,1646.6719,1645.6024
797,2018-12-13,1642.7507,1646.76,1646.3813,1645.0
796,2018-12-13,1643.17,1647.745,1645.77,1646.1801
795,2018-12-13,1645.85,1649.3,1645.95,1648.2
794,2018-12-13,1646.0,1651.0,1647.67,1648.51
793,2018-12-13,1648.25,1653.03,1648.89,1651.1016
792,2018-12-13,1651.6038,1654.66,1651.6038,1654.26
791,2018-12-13,1653.99,1657.5,1654.0,1655.6
790,2018-12-13,1649.26,1655.42,1654.79,1649.97
789,2018-12-13,1645.4301,1650.9756,1649.84,1645.8077
788,2018-12-13,1641.8064,1646.92,1645.77,1646.92
787,2018-12-13,1645.735,1648.1,1646.4937,1645.735
786,2018-12-13,1645.9,1650.2443,1645.9,1646.8
785,2018-12-13,1644.7,1648.4399,1647.37,1647.4301
784,2018-12-13,1645.4399,1648.8088,1647.92,1647.8165
783,2018-12-13,1646.9,1650.64,1647.0,1649.0
782,2018-12-13,1647.0,1649.8,1649.8,1648.36
781,2018-12-13,1647.777,1652.5964,1649.511,1650.91
780,2018-12-13,1647.58,1652.48,1650.78,1649.47
779,2018-12-13,1649.3113,1653.14,1649.63,1651.8101
778,2018-12-13,1650.495,1653.5699,1653.0,1650.91
777,2018-12-13,1644.6401,1650.83,1650.02,1644.6401
776,2018-12-13,1642.52,1646.3101,1645.51,1646.0
775,2018-12-13,1644.3101,1650.1868,1645.7185,1649.75
774,2018-12-13,1645.0,1651.48,1649.9449,1647.7408
773,2018-12-13,1646.53,1651.0,1647.9303,1648.9
772,2018-12-13,1646.416,1650.0,1648.9221,1647.71
771,2018-12-13,1643.8204,1652.15,1647.095,1649.8344
770,2018-12-13,1650.0,1657.5627,1650.0,1655.4685
769,2018-12-13,1654.55,1660.33,1654.55,1658.1888
768,2018-12-13,1658.9,1665.8232,1659.26,1665.8232
767,2018-12-13,1656.54,1666.66,1665.9048,1657.2653
766,2018-12-13,1655.5699,1659.1899,1659.1899,1656.49
765,2018-12-13,1654.41,1660.0,1657.0,1656.2122
764,2018-12-13,1652.65,1658.75,1657.1428,1653.4399
763,2018-12-13,1646.99,1653.88,1651.99,1647.4301
762,2018-12-13,1644.9688,1651.235,1648.74,1651.0
761,2018-12-13,1651.54,1655.92,1651.54,1655.92
760,2018-12-13,1653.5,1659.3,1655.72,1655.8
759,2018-12-13,1651.5416,1658.0897,1655.837,1658.0699
758,2018-12-13,1653.382,1660.6899,1659.0,1655.9301
757,2018-12-13,1648.8477,1656.4609,1656.4609,1655.47
756,2018-12-13,1654.0461,1662.48,1655.16,1657.603
755,2018-12-13,1655.0,1662.0,1656.955,1660.6
754,2018-12-13,1660.51,1668.0,1661.38,1662.47
753,2018-12-13,1662.285,1670.36,1662.4399,1670.36
752,2018-12-13,1669.0,1675.8184,1671.55,1674.73
751,2018-12-13,1673.8604,1677.2,1673.8604,1677.0
750,2018-12-13,1677.41,1681.71,1677.63,1681.0032
749,2018-12-13,1676.0,1683.0909,1681.53,1677.11
748,2018-12-13,1676.11,1679.9973,1676.17,1679.9973
747,2018-12-13,1672.61,1679.89,1679.02,1673.0101
746,2018-12-13,1672.275,1678.3101,1673.35,1676.4723
745,2018-12-13,1675.04,1683.0001,1677.3101,1680.8668
744,2018-12-13,1679.3521,1686.86,1680.77,1683.6176
743,2018-12-13,1683.24,1691.33,1683.24,1684.2599
742,2018-12-13,1673.623,1686.9,1684.8062,1674.4399
741,2018-12-13,1672.0,1681.0,1673.61,1679.51
740,2018-12-12,1663.0,1672.11,1663.16,1672.11
739,2018-12-12,1670.0,1673.0,1673.0,1672.3199
738,2018-12-12,1672.4399,1678.08,1672.4399,1678.08
737,2018-12-12,1677.62,1680.572,1678.1417,1678.63
736,2018-12-12,1672.38,1678.285,1678.1733,1672.4399
735,2018-12-12,1669.4869,1673.4,1671.79,1669.6899
734,2018-12-12,1668.88,1677.59,1669.6,1674.99
733,2018-12-12,1673.9729,1676.2985,1674.51,1675.554
732,2018-12-12,1673.9,1679.67,1675.3199,1679.67
731,2018-12-12,1678.082,1683.72,1679.8201,1678.082
730,2018-12-12,1674.0,1679.2,1678.531,1675.3268
729,2018-12-12,1675.0,1680.0,1675.0,1677.03
728,2018-12-12,1673.0,1680.1122,1678.01,1673.0818
727,2018-12-12,1667.65,1675.1844,1673.13,1671.1
726,2018-12-12,1669.28,1674.7618,1672.4172,1673.0
725,2018-12-12,1669.4847,1679.2928,1674.01,1678.95
724,2018-12-12,1677.72,1680.8101,1678.97,1680.665
723,2018-12-12,1675.4536,1680.49,1680.49,1677.0
722,2018-12-12,1676.0493,1687.88,1677.86,1686.66
721,2018-12-12,1683.6761,1688.542,1686.11,1688.3101
720,2018-12-12,1683.7866,1687.875,1687.875,1685.2
719,2018-12-12,1680.0,1685.95,1685.5624,1685.3833
718,2018-12-12,1685.46,1690.365,1685.97,1690.25
717,2018-12-12,1690.2588,1696.6899,1690.37,1695.5601
716,2018-12-12,1691.3199,1695.23,1695.23,1692.7028
715,2018-12-12,1692.4399,1698.74,1692.955,1698.7209
714,2018-12-12,1695.465,1699.405,1698.4,1697.97
713,2018-12-12,1697.078,1700.9301,1697.3726,1699.7469
712,2018-12-12,1699.35,1702.7123,1700.5,1702.7123
711,2018-12-12,1701.8121,1703.35,1702.9493,1703.0
710,2018-12-12,1699.51,1702.4303,1702.4303,1701.5304
709,2018-12-12,1701.5,1703.85,1701.5,1702.0
708,2018-12-12,1701.7081,1704.8,1701.7737,1703.96
707,2018-12-12,1700.58,1704.96,1703.7001,1700.99
706,2018-12-12,1699.7092,1701.6149,1700.6509,1700.6899
705,2018-12-12,1701.004,1702.67,1701.1454,1702.0133
704,2018-12-12,1699.52,1702.15,1701.96,1700.0
703,2018-12-12,1699.63,1702.11,1700.64,1699.63
702,2018-12-12,1698.0,1700.58,1699.95,1699.99
701,2018-12-12,1697.98,1701.0,1699.52,1697.98
700,2018-12-12,1697.0,1700.84,1698.158,1700.047
699,2018-12-12,1698.1576,1700.913,1699.72,1700.0
698,2018-12-12,1695.03,1699.5177,1699.5177,1695.5699
697,2018-12-12,1694.0,1698.0,1695.6863,1696.49
696,2018-12-12,1694.13,1696.98,1696.1906,1696.42
695,2018-12-12,1696.5601,1700.4885,1696.5967,1699.87
694,2018-12-12,1697.78,1701.5551,1698.896,1701.5551
693,2018-12-12,1699.24,1703.99,1701.58,1699.24
692,2018-12-12,1695.0,1700.4393,1698.99,1700.4393
691,2018-12-12,1697.7849,1701.9,1700.36,1699.2284
690,2018-12-12,1695.11,1699.2,1698.99,1695.395
689,2018-12-12,1694.0,1695.6805,1695.12,1694.1
688,2018-12-12,1692.58,1695.64,1694.8101,1693.3043
687,2018-12-12,1693.2795,1696.9301,1693.302,1695.1
686,2018-12-12,1694.1591,1700.355,1694.1591,1699.639
685,2018-12-12,1695.0,1701.1801,1699.639,1700.47
684,2018-12-12,1696.635,1701.4698,1700.36,1696.635
683,2018-12-12,1694.58,1698.45,1696.3101,1696.73
682,2018-12-12,1692.1801,1697.0884,1697.0884,1695.8175
681,2018-12-12,1684.45,1695.7125,1695.52,1686.3549
680,2018-12-12,1684.41,1688.2,1685.35,1684.99
679,2018-12-12,1681.39,1685.0,1684.92,1681.39
678,2018-12-12,1677.7568,1682.6,1681.2634,1679.3643
677,2018-12-12,1674.5699,1680.0,1679.485,1677.45
676,2018-12-12,1677.22,1685.63,1678.91,1684.123
675,2018-12-12,1678.9016,1685.0,1684.0,1680.9301
674,2018-12-12,1680.8,1685.15,1681.4799,1685.14
673,2018-12-12,1683.0,1687.7672,1685.725,1685.7239
672,2018-12-12,1684.0,1688.16,1686.55,1686.8107
671,2018-12-12,1682.1361,1687.99,1686.6949,1685.55
670,2018-12-12,1678.74,1685.3101,1685.3101,1683.65
669,2018-12-12,1678.09,1685.0,1683.64,1680.0
668,2018-12-12,1672.4,1680.14,1679.5601,1672.4
667,2018-12-12,1673.05,1676.5278,1674.0,1674.09
666,2018-12-12,1667.83,1674.0,1673.17,1671.73
665,2018-12-12,1663.2445,1672.71,1671.5,1666.38
664,2018-12-12,1660.5,1669.0,1667.0031,1663.2325
663,2018-12-12,1662.1101,1670.8199,1663.77,1667.27
662,2018-12-11,1642.26,1648.4301,1643.17,1648.4301
661,2018-12-11,1646.8,1650.77,1648.58,1648.6801
660,2018-12-11,1647.8149,1651.4102,1648.53,1649.1888
659,2018-12-11,1647.8101,1650.13,1649.87,1649.9399
658,2018-12-11,1649.0699,1656.1628,1650.73,1656.1628
657,2018-12-11,1651.0,1659.29,1655.9238,1651.0
656,2018-12-11,1651.3458,1655.1321,1651.3458,1653.2
655,2018-12-11,1652.4106,1655.0,1653.15,1653.045
654,2018-12-11,1651.71,1657.49,1653.21,1656.49
653,2018-12-11,1647.4415,1660.39,1656.4553,1647.51
652,2018-12-11,1640.996,1648.2174,1648.0,1642.5
651,2018-12-11,1639.01,1646.1606,1641.5358,1646.1606
650,2018-12-11,1643.14,1648.72,1645.25,1648.5713
649,2018-12-11,1644.9,1650.0,1647.2375,1645.4526
648,2018-12-11,1646.0145,1652.4351,1646.0145,1646.63
647,2018-12-11,1642.2311,1649.59,1647.318,1642.2311
646,2018-12-11,1640.6224,1645.495,1642.48,1643.29
645,2018-12-11,1639.4318,1646.15,1642.3,1639.4318
644,2018-12-11,1630.58,1640.0577,1639.7068,1630.58
643,2018-12-11,1627.7889,1631.74,1629.2949,1629.8392
642,2018-12-11,1621.08,1631.5265,1630.11,1624.6
641,2018-12-11,1619.6,1625.571,1625.2188,1622.0
640,2018-12-11,1622.8052,1628.1022,1622.8052,1625.745
639,2018-12-11,1622.1899,1628.41,1626.15,1623.0601
638,2018-12-11,1623.0,1627.96,1623.0,1625.72
637,2018-12-11,1621.13,1629.0939,1625.46,1628.0
636,2018-12-11,1625.28,1630.2389,1627.785,1628.3971
635,2018-12-11,1628.01,1640.0,1628.1949,1640.0
634,2018-12-11,1637.5637,1643.0,1641.42,1638.37
633,2018-12-11,1636.3,1639.705,1638.5094,1639.3909
632,2018-12-11,1638.88,1643.0,1640.08,1642.2007
631,2018-12-11,1640.11,1645.2736,1642.5,1640.8
630,2018-12-11,1633.85,1640.14,1640.0,1636.0959
629,2018-12-11,1635.0,1640.9366,1636.3379,1640.9366
628,2018-12-11,1639.17,1645.0,1640.3401,1643.0
627,2018-12-11,1640.12,1644.2083,1642.55,1641.0
626,2018-12-11,1640.902,1646.0,1642.1,1644.1299
625,2018-12-11,1641.4,1645.0,1644.3199,1642.05
624,2018-12-11,1640.5111,1644.5245,1642.0,1643.9447
623,2018-12-11,1639.0601,1645.0541,1644.35,1639.27
622,2018-12-11,1636.7913,1641.49,1639.7581,1637.9399
621,2018-12-11,1636.5699,1643.4596,1638.2,1639.52
620,2018-12-11,1639.85,1643.0339,1639.88,1642.2863
619,2018-12-11,1634.17,1644.0699,1642.8977,1634.17
618,2018-12-11,1632.66,1641.235,1634.74,1640.74
617,2018-12-11,1636.0443,1643.0,1641.78,1642.6801
616,2018-12-11,1641.5421,1650.7559,1642.8,1649.0
615,2018-12-11,1646.79,1656.45,1648.97,1656.15
614,2018-12-11,1654.05,1657.77,1656.0,1656.3833
613,2018-12-11,1652.9209,1657.5,1656.373,1654.6
612,2018-12-11,1647.4675,1654.1899,1654.1899,1648.795
611,2018-12-11,1645.29,1652.4399,1648.714,1652.4399
610,2018-12-11,1649.2124,1653.3101,1652.896,1649.22
609,2018-12-11,1648.0,1653.1693,1648.9301,1652.5101
608,2018-12-11,1649.73,1655.1801,1653.0,1654.21
607,2018-12-11,1650.125,1656.0,1654.13,1653.7742
606,2018-12-11,1647.17,1653.4301,1653.4301,1650.17
605,2018-12-11,1649.1659,1659.0,1649.9399,1657.83
604,2018-12-11,1651.66,1658.27,1658.27,1653.91
603,2018-12-11,1651.54,1656.03,1653.4,1655.8772
602,2018-12-11,1650.84,1657.51,1655.8101,1655.86
601,2018-12-11,1649.76,1656.03,1654.27,1654.13
600,2018-12-11,1652.485,1661.15,1654.6899,1661.15
599,2018-12-11,1658.01,1664.2598,1659.0593,1662.75
598,2018-12-11,1656.49,1662.76,1661.4265,1660.95
597,2018-12-11,1660.713,1665.0699,1661.111,1663.99
596,2018-12-11,1660.0,1664.99,1663.2148,1662.845
595,2018-12-11,1655.0601,1663.0,1663.0,1655.0601
594,2018-12-11,1650.0,1657.755,1655.3535,1652.8359
593,2018-12-11,1647.35,1654.0,1653.5,1654.0
592,2018-12-11,1654.0,1664.88,1654.0,1664.88
591,2018-12-11,1660.0,1666.1801,1664.39,1660.0
590,2018-12-11,1657.0,1667.89,1658.64,1666.67
589,2018-12-11,1660.7,1667.35,1666.6,1665.38
588,2018-12-11,1664.6899,1674.3435,1665.5031,1674.3435
587,2018-12-11,1661.38,1673.707,1672.98,1661.38
586,2018-12-11,1661.7021,1678.98,1661.7021,1673.41
585,2018-12-11,1666.63,1679.0,1672.1801,1678.4146
584,2018-12-10,1638.8101,1641.8051,1640.77,1639.5
583,2018-12-10,1638.99,1641.88,1639.9449,1639.0
582,2018-12-10,1638.8101,1644.6117,1640.29,1644.22
581,2018-12-10,1643.5282,1645.9301,1644.7209,1645.7
580,2018-12-10,1641.665,1648.5601,1645.74,1641.8
579,2018-12-10,1635.0,1643.63,1641.705,1635.0
578,2018-12-10,1629.86,1634.38,1634.0715,1629.86
577,2018-12-10,1627.09,1630.0,1629.8738,1628.76
576,2018-12-10,1626.885,1633.442,1628.03,1633.442
575,2018-12-10,1632.3101,1639.6245,1632.8359,1638.87
574,2018-12-10,1632.35,1639.53,1638.411,1633.27
573,2018-12-10,1630.33,1634.6923,1632.36,1631.71
572,2018-12-10,1630.0,1642.16,1632.0,1639.6519
571,2018-12-10,1639.02,1640.8101,1639.7319,1639.46
570,2018-12-10,1637.5601,1641.0699,1638.67,1640.99
569,2018-12-10,1635.73,1642.0,1640.99,1639.175
568,2018-12-10,1638.0,1642.0601,1638.0,1641.8553
567,2018-12-10,1633.98,1642.0,1642.0,1635.38
566,2018-12-10,1629.0,1636.66,1634.0,1630.99
565,2018-12-10,1627.1918,1633.2416,1631.1104,1631.04
564,2018-12-10,1628.6801,1637.2942,1631.4,1635.6
563,2018-12-10,1633.7096,1642.4,1634.5,1641.48
562,2018-12-10,1635.23,1645.1262,1642.0,1635.83
561,2018-12-10,1634.1899,1640.47,1636.13,1636.27
560,2018-12-10,1636.5778,1640.2683,1637.0699,1636.5778
559,2018-12-10,1630.25,1641.4402,1636.08,1630.25
558,2018-12-10,1624.838,1631.522,1630.8101,1626.15
557,2018-12-10,1625.0,1632.71,1625.9,1629.9292
556,2018-12-10,1628.0,1633.21,1629.74,1628.0
555,2018-12-10,1616.5472,1627.3051,1627.0,1617.12
554,2018-12-10,1617.7524,1622.49,1618.1082,1618.571
553,2018-12-10,1619.6066,1629.99,1620.8066,1629.05
552,2018-12-10,1624.5,1629.35,1627.3,1628.2781
551,2018-12-10,1621.4972,1632.3,1629.35,1624.0
550,2018-12-10,1623.0074,1626.4344,1623.65,1626.4344
549,2018-12-10,1626.9301,1632.0,1627.54,1630.0
548,2018-12-10,1626.84,1633.27,1628.7,1633.03
547,2018-12-10,1631.1794,1635.55,1633.36,1632.865
546,2018-12-10,1622.7996,1633.88,1632.5601,1627.0
545,2018-12-10,1620.1801,1633.4539,1627.03,1620.7094
544,2018-12-10,1609.344,1624.99,1620.13,1609.5303
543,2018-12-10,1600.818,1611.5415,1609.0105,1601.08
542,2018-12-10,1600.0,1605.0699,1601.9225,1605.0
541,2018-12-10,1603.77,1609.7678,1604.595,1606.5
540,2018-12-10,1605.1,1616.8116,1605.1,1613.925
539,2018-12-10,1608.26,1616.4999,1614.29,1610.5433
538,2018-12-10,1605.4,1615.13,1610.2531,1607.0981
537,2018-12-10,1602.495,1615.0,1606.85,1615.0
536,2018-12-10,1612.52,1627.0,1614.5853,1624.86
535,2018-12-10,1619.5601,1626.97,1624.1628,1622.36
534,2018-12-10,1618.21,1627.58,1619.821,1620.15
533,2018-12-10,1614.6801,1620.7997,1619.9999,1619.52
532,2018-12-10,1611.1584,1623.0,1619.4,1611.1584
531,2018-12-10,1600.3,1615.0,1610.39,1600.37
530,2018-12-10,1591.5966,1600.7784,1600.7784,1591.5966
529,2018-12-10,1591.0,1608.347,1591.9115,1604.29
528,2018-12-10,1602.0,1615.0096,1604.001,1614.1849
527,2018-12-10,1608.0,1617.75,1616.73,1615.5085
526,2018-12-10,1614.6484,1619.5439,1615.49,1614.6484
525,2018-12-10,1611.0101,1627.1202,1614.204,1627.1202
524,2018-12-10,1621.0,1628.3951,1624.49,1621.14
523,2018-12-10,1621.6,1636.3962,1621.6,1632.85
522,2018-12-10,1625.51,1638.0,1633.87,1627.26
521,2018-12-10,1624.2308,1630.99,1629.845,1626.4637
520,2018-12-10,1626.5,1637.09,1626.97,1634.0
519,2018-12-10,1630.0,1640.245,1632.075,1633.45
518,2018-12-10,1632.12,1646.0,1634.42,1646.0
517,2018-12-10,1645.0,1651.8756,1646.64,1647.0
516,2018-12-10,1640.668,1648.0,1646.5524,1645.0101
515,2018-12-10,1628.5601,1647.85,1647.08,1633.9301
514,2018-12-10,1633.7,1644.35,1633.7,1638.0966
513,2018-12-10,1623.0699,1637.73,1636.96,1624.9315
512,2018-12-10,1624.37,1635.22,1625.4,1628.6593
511,2018-12-10,1618.1949,1640.91,1626.7625,1638.1899
510,2018-12-10,1638.0251,1656.9865,1638.34,1656.9865
509,2018-12-10,1641.05,1657.48,1656.59,1642.2455
508,2018-12-10,1637.3888,1654.38,1641.74,1646.4496
507,2018-12-10,1620.8625,1647.5,1646.49,1622.41
506,2018-12-07,1625.46,1632.0,1632.0,1628.84
505,2018-12-07,1626.47,1630.8066,1628.13,1628.0
504,2018-12-07,1627.5483,1636.05,1627.5483,1634.29
503,2018-12-07,1633.21,1637.08,1634.0,1634.3
502,2018-12-07,1635.0,1644.5,1635.13,1643.8199
501,2018-12-07,1636.55,1644.21,1644.21,1639.1899
500,2018-12-07,1630.0,1640.9301,1639.0,1631.908
499,2018-12-07,1631.8046,1638.5699,1632.1084,1636.92
498,2018-12-07,1632.0067,1638.02,1636.47,1633.6101
497,2018-12-07,1634.01,1641.2002,1635.04,1639.0
496,2018-12-07,1631.6,1638.08,1638.08,1632.6288
495,2018-12-07,1631.5,1640.71,1632.1093,1637.61
494,2018-12-07,1635.4139,1642.47,1637.1697,1640.87
493,2018-12-07,1640.02,1650.89,1640.26,1648.5551
492,2018-12-07,1640.0,1649.38,1647.73,1642.35
491,2018-12-07,1641.83,1646.42,1642.12,1643.23
490,2018-12-07,1643.27,1648.2234,1643.52,1646.72
489,2018-12-07,1645.0,1651.84,1646.5699,1650.0247
488,2018-12-07,1644.54,1650.73,1649.27,1647.74
487,2018-12-07,1646.01,1655.8101,1647.6111,1652.7401
486,2018-12-07,1641.42,1654.71,1653.4,1642.22
485,2018-12-07,1640.0,1649.3232,1642.1,1648.96
484,2018-12-07,1647.0,1653.0,1648.3,1649.7572
483,2018-12-07,1648.0184,1653.08,1650.4301,1650.9399
482,2018-12-07,1649.74,1656.14,1650.8044,1655.73
481,2018-12-07,1653.01,1657.5601,1657.5601,1654.6
480,2018-12-07,1654.86,1662.54,1655.0675,1661.5769
479,2018-12-07,1657.85,1662.33,1660.8,1658.78
478,2018-12-07,1654.4301,1660.95,1659.6899,1656.0052
477,2018-12-07,1655.0,1664.275,1655.0,1662.0
476,2018-12-07,1657.14,1663.45,1663.0,1663.0
475,2018-12-07,1653.3868,1664.16,1663.39,1653.3868
474,2018-12-07,1652.5649,1658.0,1653.868,1653.307
473,2018-12-07,1652.89,1658.6,1653.3879,1658.01
472,2018-12-07,1657.34,1669.26,1657.91,1668.61
471,2018-12-07,1660.41,1670.0,1668.641,1661.86
470,2018-12-07,1659.0947,1665.22,1662.05,1660.29
469,2018-12-07,1649.6383,1660.71,1660.71,1649.6383
468,2018-12-07,1649.25,1653.8571,1649.8199,1651.14
467,2018-12-07,1646.21,1654.26,1650.3,1654.21
466,2018-12-07,1651.361,1653.71,1652.976,1652.25
465,2018-12-07,1651.63,1657.64,1652.9015,1657.64
464,2018-12-07,1656.5699,1662.0,1658.25,1659.41
463,2018-12-07,1655.7181,1661.34,1658.96,1656.4009
462,2018-12-07,1653.3925,1661.3929,1656.25,1661.3929
461,2018-12-07,1656.55,1664.85,1662.5087,1657.62
460,2018-12-07,1654.95,1659.01,1657.58,1658.1831
459,2018-12-07,1653.36,1658.8,1657.0544,1654.58
458,2018-12-07,1654.8785,1660.89,1655.0161,1660.0
457,2018-12-07,1660.0,1670.87,1660.0,1670.1899
456,2018-12-07,1670.1801,1675.125,1671.16,1671.1801
455,2018-12-07,1661.62,1672.4191,1672.2583,1663.15
454,2018-12-07,1659.5,1664.0,1662.35,1660.0918
453,2018-12-07,1655.542,1660.9337,1660.9337,1659.7587
452,2018-12-07,1652.8,1661.3,1660.7209,1655.08
451,2018-12-07,1654.3199,1666.0,1656.11,1664.72
450,2018-12-07,1660.3586,1666.78,1665.05,1660.3895
449,2018-12-07,1658.89,1668.99,1659.67,1665.66
448,2018-12-07,1664.99,1673.72,1666.2896,1672.37
447,2018-12-07,1673.4,1685.99,1673.78,1684.0
446,2018-12-07,1677.9,1684.0389,1683.2,1677.9
445,2018-12-07,1676.59,1681.2773,1677.11,1678.1136
444,2018-12-07,1678.87,1684.92,1680.0601,1680.05
443,2018-12-07,1672.49,1682.1796,1682.08,1674.0
442,2018-12-07,1669.0,1685.4351,1675.275,1684.71
441,2018-12-07,1685.0,1692.6801,1685.0,1691.01
440,2018-12-07,1682.0,1693.33,1692.5,1684.7914
439,2018-12-07,1681.28,1690.23,1684.99,1684.8699
438,2018-12-07,1681.75,1691.33,1684.3199,1691.2
437,2018-12-07,1689.9449,1699.5905,1692.0,1699.39
436,2018-12-07,1700.0,1709.1899,1700.8199,1709.1899
435,2018-12-07,1705.9,1712.29,1709.9399,1705.9
434,2018-12-07,1705.0,1712.4399,1705.0,1710.17
433,2018-12-07,1701.795,1712.0,1710.79,1705.0
432,2018-12-07,1705.4615,1714.0,1705.47,1712.3647
431,2018-12-07,1710.2944,1718.45,1711.5,1713.98
430,2018-12-07,1706.0,1715.33,1713.98,1706.0
429,2018-12-07,1694.2,1708.45,1705.2638,1705.0
428,2018-12-06,1693.51,1700.26,1700.26,1695.0
427,2018-12-06,1690.29,1696.7,1693.48,1694.9999
426,2018-12-06,1692.6018,1697.0,1695.9301,1693.75
425,2018-12-06,1685.89,1693.34,1692.55,1693.0
424,2018-12-06,1692.0,1695.0,1693.3864,1694.8199
423,2018-12-06,1684.8101,1695.0,1694.2786,1685.4144
422,2018-12-06,1678.8101,1686.41,1685.325,1678.8101
421,2018-12-06,1677.936,1682.83,1679.9,1682.83
420,2018-12-06,1678.2128,1683.5457,1683.1759,1679.9698
419,2018-12-06,1678.71,1685.0,1679.51,1681.62
418,2018-12-06,1677.2028,1683.6177,1682.45,1680.72
417,2018-12-06,1680.25,1689.3318,1681.4,1684.0
416,2018-12-06,1679.63,1684.9723,1683.5,1681.95
415,2018-12-06,1670.0,1683.67,1681.4498,1670.4
414,2018-12-06,1665.1936,1676.83,1670.421,1675.39
413,2018-12-06,1674.9974,1681.0,1674.9974,1676.59
412,2018-12-06,1673.2,1679.15,1675.77,1676.35
411,2018-12-06,1674.87,1680.95,1677.15,1680.12
410,2018-12-06,1670.75,1680.6361,1680.6361,1670.75
409,2018-12-06,1669.29,1675.4198,1670.34,1672.9434
408,2018-12-06,1671.6101,1681.3822,1671.88,1679.71
407,2018-12-06,1675.53,1683.405,1680.9042,1683.405
406,2018-12-06,1679.99,1685.47,1683.6899,1685.03
405,2018-12-06,1684.7111,1690.0,1686.0699,1687.85
404,2018-12-06,1678.9788,1686.79,1685.9301,1682.8199
403,2018-12-06,1677.42,1683.3199,1683.3199,1677.595
402,2018-12-06,1672.0601,1678.0,1678.0,1672.58
401,2018-12-06,1667.72,1674.53,1671.85,1667.72
400,2018-12-06,1658.35,1667.39,1665.7379,1661.0313
399,2018-12-06,1657.2831,1663.3101,1660.3199,1663.3101
398,2018-12-06,1663.95,1670.0,1664.3516,1668.85
397,2018-12-06,1666.4424,1671.265,1669.59,1670.7
396,2018-12-06,1670.9972,1679.35,1670.9972,1677.0
395,2018-12-06,1674.35,1679.4399,1676.0,1674.9399
394,2018-12-06,1672.9457,1681.89,1674.3,1679.29
393,2018-12-06,1677.03,1682.96,1678.1899,1682.0699
392,2018-12-06,1683.02,1690.0,1683.304,1687.4788
391,2018-12-06,1681.0081,1688.4399,1687.0164,1683.1801
390,2018-12-06,1680.8376,1686.47,1683.0,1680.8376
389,2018-12-06,1676.1021,1683.2733,1682.6495,1676.1021
388,2018-12-06,1672.87,1683.769,1675.97,1680.4
387,2018-12-06,1677.2501,1685.33,1680.4174,1680.0
386,2018-12-06,1674.475,1681.0,1680.3135,1675.29
385,2018-12-06,1664.77,1675.98,1675.9399,1669.0
384,2018-12-06,1658.6411,1670.1692,1669.545,1658.6411
383,2018-12-06,1654.0,1658.6,1658.0,1658.6
382,2018-12-06,1657.97,1663.348,1657.97,1660.3342
381,2018-12-06,1656.601,1662.83,1660.7347,1660.835
380,2018-12-06,1650.58,1662.0,1660.6357,1652.5522
379,2018-12-06,1645.765,1657.09,1652.1899,1647.296
378,2018-12-06,1643.63,1648.5601,1647.0,1645.5601
377,2018-12-06,1641.4,1647.55,1644.08,1643.64
376,2018-12-06,1641.0,1645.0,1643.97,1641.67
375,2018-12-06,1628.9,1641.85,1640.16,1629.1025
374,2018-12-06,1627.0,1633.58,1629.0601,1630.6779
373,2018-12-06,1630.045,1635.0151,1630.64,1635.01
372,2018-12-06,1631.79,1638.92,1636.27,1633.4719
371,2018-12-06,1633.01,1638.87,1634.2554,1638.7051
370,2018-12-06,1633.2,1639.52,1636.275,1635.4
369,2018-12-06,1634.5,1639.5601,1636.53,1637.47
368,2018-12-06,1635.0,1646.74,1636.4889,1646.74
367,2018-12-06,1642.0,1648.23,1647.6801,1646.4052
366,2018-12-06,1642.282,1654.0,1645.49,1652.89
365,2018-12-06,1643.7401,1652.45,1652.45,1644.0
364,2018-12-06,1639.0298,1646.7,1645.76,1643.28
363,2018-12-06,1638.03,1646.4375,1641.58,1645.0
362,2018-12-06,1634.59,1647.12,1643.21,1636.8
361,2018-12-06,1627.1,1641.99,1636.7314,1630.0
360,2018-12-06,1627.85,1638.4301,1629.7799,1629.61
359,2018-12-06,1626.175,1637.2371,1627.99,1637.2371
358,2018-12-06,1622.6401,1638.98,1637.0,1627.89
357,2018-12-06,1623.22,1635.3884,1628.4709,1627.66
356,2018-12-06,1619.5616,1630.17,1627.75,1619.5616
355,2018-12-06,1618.01,1640.0,1620.13,1636.3848
354,2018-12-06,1636.01,1650.0,1638.46,1645.35
353,2018-12-06,1637.4283,1649.0649,1647.73,1649.0649
352,2018-12-06,1625.34,1653.0887,1651.7096,1628.7
351,2018-12-06,1610.0,1628.8,1627.72,1613.0
350,2018-12-04,1666.23,1675.0,1666.23,1672.24
349,2018-12-04,1665.5,1673.99,1673.99,1669.51
348,2018-12-04,1666.9196,1672.21,1668.6888,1669.35
347,2018-12-04,1665.4041,1670.5654,1670.4301,1666.1801
346,2018-12-04,1666.0,1674.71,1666.99,1668.74
345,2018-12-04,1667.0,1676.92,1669.46,1675.8101
344,2018-12-04,1674.5,1683.63,1675.7,1679.79
343,2018-12-04,1679.0,1689.4783,1679.5551,1685.9286
342,2018-12-04,1683.515,1692.62,1685.02,1684.71
341,2018-12-04,1680.0,1689.25,1684.71,1686.5223
340,2018-12-04,1686.02,1693.7638,1686.74,1692.0699
339,2018-12-04,1682.785,1697.03,1691.53,1697.03
338,2018-12-04,1697.39,1706.9399,1698.1167,1706.9399
337,2018-12-04,1705.33,1709.1801,1706.7341,1708.7592
336,2018-12-04,1701.4399,1711.6508,1708.9017,1702.77
335,2018-12-04,1701.6801,1705.65,1702.55,1702.8199
334,2018-12-04,1700.1899,1704.84,1704.16,1704.0968
333,2018-12-04,1695.4319,1705.92,1704.9,1695.4319
332,2018-12-04,1694.29,1701.28,1695.23,1701.28
331,2018-12-04,1701.5,1707.15,1701.5,1706.335
330,2018-12-04,1704.16,1708.9301,1706.67,1708.58
329,2018-12-04,1699.64,1709.8101,1709.355,1701.5699
328,2018-12-04,1690.6801,1702.46,1701.79,1690.703
327,2018-12-04,1691.1545,1695.67,1691.51,1694.0
326,2018-12-04,1689.252,1697.62,1694.9399,1689.252
325,2018-12-04,1684.6899,1690.23,1690.08,1689.7251
324,2018-12-04,1683.51,1690.65,1689.29,1685.6
323,2018-12-04,1670.5601,1686.75,1685.824,1675.35
322,2018-12-04,1676.0,1693.0475,1676.8489,1693.0475
321,2018-12-04,1688.99,1696.3209,1693.0601,1691.4301
320,2018-12-04,1686.51,1702.79,1691.2687,1702.79
319,2018-12-04,1703.0,1707.109,1703.99,1705.48
318,2018-12-04,1703.33,1708.3199,1706.9838,1703.33
317,2018-12-04,1702.67,1708.4865,1702.67,1708.4865
316,2018-12-04,1707.79,1711.3199,1708.37,1708.4468
315,2018-12-04,1704.4,1709.035,1709.035,1706.6721
314,2018-12-04,1705.87,1712.4399,1707.0,1706.85
313,2018-12-04,1704.906,1713.2607,1705.3,1713.25
312,2018-12-04,1709.4301,1714.4603,1713.9294,1710.0
311,2018-12-04,1707.0,1712.6801,1710.92,1707.9004
310,2018-12-04,1702.51,1712.78,1708.9,1705.62
309,2018-12-04,1696.0601,1708.0,1705.4741,1708.0
308,2018-12-04,1708.0,1716.83,1708.8754,1712.3828
307,2018-12-04,1710.64,1724.21,1714.7407,1724.21
306,2018-12-04,1718.531,1725.92,1723.6965,1723.47
305,2018-12-04,1723.64,1731.96,1723.64,1730.16
304,2018-12-04,1723.22,1740.4301,1729.49,1740.0601
303,2018-12-04,1738.52,1747.592,1739.77,1746.9418
302,2018-12-04,1746.36,1750.3521,1747.17,1750.0
301,2018-12-04,1745.0,1749.61,1749.37,1747.0
300,2018-12-04,1745.53,1748.875,1746.8777,1748.3199
299,2018-12-04,1746.2103,1750.78,1748.64,1746.2103
298,2018-12-04,1744.5913,1748.92,1746.0,1748.23
297,2018-12-04,1747.58,1751.8929,1749.2823,1751.8929
296,2018-12-04,1750.51,1755.09,1751.996,1755.09
295,2018-12-04,1755.55,1758.73,1755.61,1756.55
294,2018-12-04,1754.3899,1757.0,1757.0,1756.5616
293,2018-12-04,1756.4139,1760.24,1757.2075,1760.24
292,2018-12-04,1758.48,1762.38,1760.8101,1760.88
291,2018-12-04,1758.0,1760.72,1760.54,1760.4351
290,2018-12-04,1760.11,1762.7227,1760.11,1762.4515
289,2018-12-04,1761.17,1763.26,1762.3904,1763.26
288,2018-12-04,1759.52,1763.2699,1763.26,1759.97
287,2018-12-04,1758.46,1763.8167,1760.91,1763.8167
286,2018-12-04,1760.0,1765.0,1764.2,1762.0
285,2018-12-04,1761.6801,1766.05,1763.01,1766.05
284,2018-12-04,1761.575,1765.97,1765.97,1762.0
283,2018-12-04,1762.11,1764.4409,1763.0,1762.9301
282,2018-12-04,1763.0,1770.0,1763.0,1765.34
281,2018-12-04,1765.0103,1768.6949,1766.0,1766.42
280,2018-12-04,1760.0,1767.7618,1766.9,1763.0
279,2018-12-04,1758.36,1764.52,1762.3199,1758.36
278,2018-12-04,1752.7568,1760.4803,1759.28,1752.7568
277,2018-12-04,1751.0024,1761.3199,1753.26,1760.53
276,2018-12-04,1757.205,1765.4656,1760.46,1761.2841
275,2018-12-04,1761.12,1770.3383,1762.2588,1768.72
274,2018-12-04,1759.8101,1769.24,1768.4664,1759.8101
273,2018-12-04,1754.095,1766.0,1761.7002,1756.01
272,2018-12-03,1767.76,1772.87,1772.715,1767.76
271,2018-12-03,1767.46,1769.425,1767.66,1768.21
270,2018-12-03,1765.1904,1769.96,1768.0,1769.14
269,2018-12-03,1766.41,1769.34,1767.61,1769.34
268,2018-12-03,1767.58,1770.0,1768.8738,1769.29
267,2018-12-03,1766.85,1770.0,1769.15,1767.6899
266,2018-12-03,1764.22,1769.0,1767.0699,1767.205
265,2018-12-03,1765.71,1768.71,1766.05,1768.26
264,2018-12-03,1766.87,1769.45,1768.035,1766.87
263,2018-12-03,1763.0,1766.87,1766.87,1763.0
262,2018-12-03,1758.54,1763.24,1761.4713,1759.1899
261,2018-12-03,1758.0,1761.5249,1759.7841,1761.0
260,2018-12-03,1759.24,1761.8994,1761.62,1760.88
259,2018-12-03,1760.0,1766.02,1761.2072,1764.7
258,2018-12-03,1763.0,1764.6779,1764.1998,1763.0
257,2018-12-03,1763.0889,1766.63,1763.29,1765.97
256,2018-12-03,1763.0,1766.0699,1765.24,1764.05
255,2018-12-03,1763.1899,1765.2,1763.79,1764.3788
254,2018-12-03,1762.47,1765.5,1764.03,1762.99
253,2018-12-03,1762.42,1764.0,1762.8561,1762.51
252,2018-12-03,1759.9839,1763.5,1762.05,1760.0283
251,2018-12-03,1757.8168,1760.6,1759.87,1758.001
250,2018-12-03,1755.6268,1761.9301,1758.05,1761.9301
249,2018-12-03,1760.47,1762.75,1761.52,1760.9
248,2018-12-03,1756.3199,1760.6899,1760.5,1760.64
247,2018-12-03,1758.5,1761.95,1761.24,1758.7
246,2018-12-03,1758.77,1765.1,1758.8167,1764.4246
245,2018-12-03,1762.61,1764.0,1763.9,1763.49
244,2018-12-03,1762.09,1764.8101,1763.17,1764.04
243,2018-12-03,1764.0,1765.8267,1764.4915,1765.53
242,2018-12-03,1764.512,1767.485,1765.64,1767.0551
241,2018-12-03,1766.7454,1769.345,1767.641,1768.256
240,2018-12-03,1766.75,1769.5,1767.5405,1766.75
239,2018-12-03,1766.0,1769.422,1766.61,1766.8
238,2018-12-03,1765.495,1768.5699,1766.756,1767.6801
237,2018-12-03,1765.84,1768.66,1767.922,1765.84
236,2018-12-03,1762.4863,1765.29,1765.29,1762.86
235,2018-12-03,1762.01,1766.3,1762.95,1763.72
234,2018-12-03,1763.02,1764.358,1763.97,1764.0692
233,2018-12-03,1763.59,1765.75,1763.59,1765.1176
232,2018-12-03,1764.47,1769.26,1764.87,1767.3289
231,2018-12-03,1764.61,1767.73,1767.54,1764.77
230,2018-12-03,1762.5,1765.0,1764.66,1764.0
229,2018-12-03,1760.5439,1763.47,1763.45,1761.61
228,2018-12-03,1761.3575,1763.465,1761.9742,1761.3575
227,2018-12-03,1760.0,1762.0,1761.35,1761.5055
226,2018-12-03,1760.01,1763.29,1761.7816,1763.29
225,2018-12-03,1756.662,1763.5328,1762.4915,1758.0
224,2018-12-03,1757.5479,1766.53,1757.5479,1765.52
223,2018-12-03,1766.63,1770.0,1766.645,1768.38
222,2018-12-03,1765.0,1768.64,1768.4453,1766.0
221,2018-12-03,1765.41,1771.4,1767.29,1770.465
220,2018-12-03,1770.5,1773.0,1771.17,1771.0601
219,2018-12-03,1768.942,1772.8334,1771.9222,1769.47
218,2018-12-03,1767.1,1771.0699,1768.9728,1770.22
217,2018-12-03,1767.9202,1772.0,1769.02,1769.0
216,2018-12-03,1765.8755,1771.0,1769.03,1765.8755
215,2018-12-03,1765.6,1770.0699,1765.98,1768.39
214,2018-12-03,1763.6,1768.0,1768.0,1765.5
213,2018-12-03,1760.425,1765.59,1765.3,1763.5
212,2018-12-03,1761.6899,1763.429,1762.5699,1763.0
211,2018-12-03,1757.04,1763.7607,1763.0,1763.715
210,2018-12-03,1763.455,1767.67,1764.2725,1766.4301
209,2018-12-03,1765.01,1768.0551,1766.01,1767.64
208,2018-12-03,1767.77,1775.5,1768.1598,1772.0
207,2018-12-03,1767.5,1771.77,1771.73,1769.6147
206,2018-12-03,1769.16,1774.1523,1769.87,1772.0
205,2018-12-03,1767.958,1773.1949,1771.5356,1768.4304
204,2018-12-03,1759.71,1768.825,1767.6801,1759.84
203,2018-12-03,1758.215,1763.0999,1758.6364,1763.0999
202,2018-12-03,1760.35,1765.3,1762.95,1762.9301
201,2018-12-03,1755.0601,1763.955,1762.8,1755.644
200,2018-12-03,1748.235,1757.98,1755.0,1754.47
199,2018-12-03,1752.16,1760.3997,1754.92,1760.22
198,2018-12-03,1758.41,1769.27,1760.05,1766.0
197,2018-12-03,1757.51,1768.1,1765.6801,1758.26
196,2018-12-03,1758.4038,1772.025,1758.4038,1769.99
195,2018-12-03,1763.5,1778.1327,1768.5601,1769.3
194,2018-11-30,1688.08,1693.16,1693.16,1688.98
193,2018-11-30,1686.96,1691.48,1688.6741,1691.48
192,2018-11-30,1690.4,1694.04,1691.62,1693.705
191,2018-11-30,1693.0,1695.8693,1694.4301,1694.73
190,2018-11-30,1692.96,1695.0,1694.7177,1694.2
189,2018-11-30,1691.77,1694.6899,1694.0,1692.0
188,2018-11-30,1691.5699,1693.4301,1692.2883,1692.33
187,2018-11-30,1691.03,1693.65,1692.5,1691.54
186,2018-11-30,1689.3,1692.0,1691.5,1689.3
185,2018-11-30,1688.6848,1690.0,1688.8148,1689.37
184,2018-11-30,1687.22,1690.1,1690.0,1688.0
183,2018-11-30,1686.65,1689.1801,1688.5,1686.65
182,2018-11-30,1685.83,1688.0,1685.92,1687.21
181,2018-11-30,1686.2,1687.2949,1686.48,1687.019
180,2018-11-30,1685.73,1688.55,1686.995,1688.55
179,2018-11-30,1688.05,1690.1,1688.655,1688.24
178,2018-11-30,1687.14,1689.2693,1688.55,1687.14
177,2018-11-30,1686.51,1689.7021,1686.51,1688.6
176,2018-11-30,1684.731,1688.4301,1688.3424,1686.0601
175,2018-11-30,1685.78,1687.027,1685.8,1686.45
174,2018-11-30,1685.76,1690.1,1686.2512,1689.0
173,2018-11-30,1687.98,1689.7,1689.03,1687.98
172,2018-11-30,1687.91,1690.5,1689.0165,1687.91
171,2018-11-30,1686.27,1690.0,1688.7964,1689.85
170,2018-11-30,1689.0,1690.33,1689.28,1689.4
169,2018-11-30,1688.58,1692.4158,1689.3,1689.0
168,2018-11-30,1685.9,1689.0,1688.2793,1685.9
167,2018-11-30,1684.58,1686.208,1686.208,1685.1779
166,2018-11-30,1685.55,1687.91,1686.0656,1685.7659
165,2018-11-30,1680.97,1686.45,1685.5687,1682.6404
164,2018-11-30,1680.45,1683.02,1682.41,1682.99
163,2018-11-30,1681.7943,1683.64,1683.3472,1681.7943
162,2018-11-30,1679.46,1682.35,1681.14,1679.495
161,2018-11-30,1677.775,1679.95,1679.95,1677.99
160,2018-11-30,1676.5699,1679.15,1677.8199,1678.0
159,2018-11-30,1677.03,1678.8018,1678.36,1678.8018
158,2018-11-30,1678.77,1682.11,1678.91,1682.11
157,2018-11-30,1681.52,1683.92,1681.9,1683.92
156,2018-11-30,1680.8,1684.5104,1683.5,1681.4886
155,2018-11-30,1680.25,1684.576,1681.8,1684.15
154,2018-11-30,1681.08,1683.755,1683.755,1682.5
153,2018-11-30,1682.02,1685.0,1682.22,1684.0
152,2018-11-30,1683.67,1686.1689,1684.4463,1686.16
151,2018-11-30,1685.0,1686.95,1686.3105,1686.2506
150,2018-11-30,1685.0,1686.67,1685.89,1685.7091
149,2018-11-30,1685.5,1689.089,1685.5,1688.9872
148,2018-11-30,1686.78,1689.0601,1688.9301,1687.665
147,2018-11-30,1687.3201,1689.8855,1687.4396,1689.5649
146,2018-11-30,1689.3199,1692.0245,1690.1,1690.1526
145,2018-11-30,1689.3669,1691.28,1690.068,1690.63
144,2018-11-30,1688.25,1690.29,1690.2242,1689.13
143,2018-11-30,1689.71,1691.4445,1690.4296,1689.74
142,2018-11-30,1685.0,1690.3018,1689.1296,1685.345
141,2018-11-30,1683.0,1687.6151,1685.587,1685.005
140,2018-11-30,1683.8149,1687.8199,1685.41,1687.8199
139,2018-11-30,1686.8199,1690.33,1688.1232,1687.5868
138,2018-11-30,1684.95,1687.528,1686.26,1685.04
137,2018-11-30,1683.29,1688.2075,1685.5502,1687.5601
136,2018-11-30,1686.95,1691.2146,1687.2,1690.6353
135,2018-11-30,1688.7952,1691.26,1690.0,1691.11
134,2018-11-30,1691.3199,1694.0,1691.41,1692.3611
133,2018-11-30,1689.14,1692.75,1692.75,1690.7037
132,2018-11-30,1690.4906,1695.1,1691.1801,1694.7332
131,2018-11-30,1690.23,1695.389,1695.15,1691.0699
130,2018-11-30,1687.01,1690.9301,1690.9301,1688.0
129,2018-11-30,1680.715,1687.8199,1687.8199,1680.715
128,2018-11-30,1677.504,1681.6899,1679.92,1678.5601
127,2018-11-30,1676.9301,1678.5601,1678.29,1677.545
126,2018-11-30,1677.5,1680.3,1677.8199,1680.3
125,2018-11-30,1677.6,1680.6639,1680.14,1678.49
124,2018-11-30,1674.3326,1680.27,1679.05,1675.48
123,2018-11-30,1672.3,1678.54,1675.27,1678.54
122,2018-11-30,1676.0,1681.36,1679.49,1678.765
121,2018-11-30,1675.5,1680.6899,1679.49,1680.36
120,2018-11-30,1676.0363,1683.0,1680.5031,1676.7
119,2018-11-30,1669.5953,1676.47,1676.0153,1672.76
118,2018-11-30,1668.0,1674.63,1671.27,1668.6718
117,2018-11-30,1667.1,1678.8394,1669.0,1677.2521
116,2018-11-29,1671.89,1680.48,1674.49,1680.48
115,2018-11-29,1678.515,1682.0,1681.0,1680.99
114,2018-11-29,1679.9,1685.0,1680.86,1684.48
113,2018-11-29,1680.98,1684.53,1684.53,1681.0
112,2018-11-29,1681.17,1683.77,1681.3199,1682.26
111,2018-11-29,1680.7404,1685.63,1682.1,1685.59
110,2018-11-29,1683.37,1686.6729,1686.5875,1683.8998
109,2018-11-29,1683.1,1685.7828,1683.52,1684.0573
108,2018-11-29,1682.5044,1686.1914,1684.3564,1686.1914
107,2018-11-29,1684.88,1688.3,1686.205,1688.0295
106,2018-11-29,1684.55,1688.176,1687.8199,1685.74
105,2018-11-29,1685.4008,1689.36,1685.4008,1689.0
104,2018-11-29,1687.4414,1689.5,1688.7509,1688.1541
103,2018-11-29,1686.7357,1689.98,1687.9907,1686.7357
102,2018-11-29,1684.45,1687.22,1686.9,1686.4611
101,2018-11-29,1682.0601,1686.22,1686.0201,1683.9189
100,2018-11-29,1683.62,1688.1949,1684.08,1688.0
99,2018-11-29,1686.84,1689.0,1688.205,1687.0
98,2018-11-29,1686.77,1688.55,1687.7,1687.291
97,2018-11-29,1685.77,1687.7,1687.3118,1685.77
96,2018-11-29,1653.27,1655.3297,1654.1121,1654.002
95,2018-11-29,1653.08,1658.72,1654.6584,1657.8099
94,2018-11-29,1656.5601,1663.0,1657.72,1661.83
93,2018-11-29,1662.0,1668.49,1662.0,1667.49
92,2018-11-29,1663.12,1668.5352,1665.34,1668.0
91,2018-11-29,1667.14,1671.64,1670.53,1667.91
90,2018-11-29,1662.0,1673.0,1668.5212,1662.136
89,2018-11-29,1659.45,1667.0,1662.135,1664.63
88,2018-11-29,1662.52,1667.67,1664.009,1665.0
87,2018-11-29,1664.8101,1675.4,1665.4,1675.035
86,2018-11-29,1673.39,1677.58,1675.6423,1677.0
85,2018-11-29,1674.0,1679.88,1677.0,1677.05
84,2018-11-29,1673.8275,1680.0,1677.5699,1676.02
83,2018-11-29,1671.0896,1677.0,1675.7788,1673.6899
82,2018-11-29,1667.78,1674.66,1674.25,1667.78
81,2018-11-29,1664.0,1672.135,1667.45,1671.99
80,2018-11-29,1664.542,1672.83,1672.15,1672.83
79,2018-11-29,1662.11,1674.7875,1673.0699,1667.15
78,2018-11-29,1665.0,1681.0,1666.9819,1675.5
77,2018-11-28,1677.14,1679.39,1677.98,1678.27
76,2018-11-28,1678.77,1681.45,1679.01,1679.27
75,2018-11-28,1676.37,1680.0,1679.1713,1676.47
74,2018-11-28,1674.925,1678.0,1676.23,1676.3199
73,2018-11-28,1673.6,1676.924,1676.25,1674.72
72,2018-11-28,1670.0,1675.0,1674.6146,1671.5601
71,2018-11-28,1668.55,1674.0,1672.0,1672.0
70,2018-11-28,1668.41,1673.0,1672.041,1668.98
69,2018-11-28,1665.02,1668.9,1668.85,1666.2791
68,2018-11-28,1662.4,1668.0,1667.4497,1662.4
67,2018-11-28,1661.5601,1663.547,1662.3525,1663.0
66,2018-11-28,1660.25,1663.285,1662.74,1662.3101
65,2018-11-28,1661.87,1663.665,1662.6801,1662.3718
64,2018-11-28,1661.99,1665.0,1662.0,1663.5
63,2018-11-28,1661.99,1663.5,1662.828,1662.5
62,2018-11-28,1660.1558,1663.1,1661.71,1660.1558
61,2018-11-28,1659.5903,1663.37,1660.4471,1660.5601
60,2018-11-28,1658.5699,1661.49,1660.76,1658.5699
59,2018-11-28,1657.4399,1660.0,1658.4399,1657.955
58,2018-11-28,1654.5034,1657.65,1656.9449,1656.925
57,2018-11-28,1652.7,1658.595,1657.2791,1658.595
56,2018-11-28,1656.75,1660.375,1658.7485,1658.61
55,2018-11-28,1659.2629,1663.29,1659.2629,1662.6763
54,2018-11-28,1658.35,1662.765,1662.765,1659.5
53,2018-11-28,1656.4196,1660.1801,1658.6501,1656.73
52,2018-11-28,1652.73,1657.0,1655.8336,1654.3101
51,2018-11-28,1652.55,1660.1799,1654.03,1657.5872
50,2018-11-28,1648.2598,1658.0,1657.6123,1651.6
49,2018-11-28,1648.2,1653.745,1651.4623,1648.2
48,2018-11-28,1646.5,1650.0,1647.9891,1647.0
47,2018-11-28,1644.213,1648.0,1646.76,1644.825
46,2018-11-28,1643.59,1646.8134,1645.38,1645.0101
45,2018-11-28,1641.3051,1646.3311,1645.59,1642.67
44,2018-11-28,1638.25,1642.5601,1642.49,1639.9
43,2018-11-28,1634.5601,1641.28,1639.9,1636.3375
42,2018-11-28,1635.36,1642.1899,1636.5,1641.601
41,2018-11-28,1640.15,1648.1501,1641.3,1647.3802
40,2018-11-28,1646.0,1649.65,1647.99,1646.3101
39,2018-11-28,1642.587,1649.0,1646.625,1642.87
38,2018-11-28,1641.37,1645.65,1642.0,1644.33
37,2018-11-28,1637.0,1644.53,1644.53,1642.9512
36,2018-11-28,1640.55,1648.29,1643.6464,1642.89
35,2018-11-28,1633.03,1644.3199,1643.71,1633.84
34,2018-11-28,1631.5,1635.47,1632.9399,1631.7357
33,2018-11-28,1629.45,1634.0,1631.6064,1632.1
32,2018-11-28,1626.26,1634.91,1631.96,1634.91
31,2018-11-28,1627.395,1635.0,1634.3969,1627.65
30,2018-11-28,1612.2,1628.0,1627.725,1612.2
29,2018-11-28,1607.75,1612.5317,1611.24,1610.39
28,2018-11-28,1609.6,1612.6899,1610.99,1611.25
27,2018-11-28,1610.9862,1614.2,1611.806,1614.0
26,2018-11-28,1611.04,1613.7489,1613.7332,1611.9
25,2018-11-28,1609.25,1613.0,1612.3199,1610.2321
24,2018-11-28,1607.785,1611.2399,1609.27,1608.3
23,2018-11-28,1606.51,1608.88,1608.835,1606.51
22,2018-11-28,1606.9606,1609.12,1606.9606,1608.2
21,2018-11-28,1606.0,1610.61,1609.12,1610.61
20,2018-11-28,1607.9,1612.4775,1610.88,1607.9
19,2018-11-28,1603.04,1608.0067,1607.28,1604.03
18,2018-11-28,1604.0,1608.6899,1604.4386,1605.02
17,2018-11-28,1604.0,1609.0,1605.4467,1607.8508
16,2018-11-28,1605.7,1608.78,1607.4399,1607.9417
15,2018-11-28,1602.8101,1608.55,1607.6552,1603.53
14,2018-11-28,1603.52,1608.095,1604.4482,1605.33
13,2018-11-28,1603.0,1609.0,1604.755,1607.46
12,2018-11-28,1601.4406,1611.3467,1607.4083,1610.79
11,2018-11-28,1610.0,1616.78,1610.635,1614.78
10,2018-11-28,1611.7087,1615.02,1614.6899,1612.3217
9,2018-11-28,1608.9,1614.16,1611.0,1613.595
8,2018-11-28,1613.1801,1616.2238,1613.7563,1614.1899
7,2018-11-28,1613.0,1619.53,1614.73,1619.53
6,2018-11-28,1615.7069,1622.55,1618.62,1616.05
5,2018-11-28,1609.23,1616.05,1616.05,1609.33
4,2018-11-28,1607.17,1612.0,1608.975,1608.6248
3,2018-11-28,1604.91,1610.201,1609.225,1609.4413
2,2018-11-28,1605.901,1612.88,1608.4,1612.88
1,2018-11-28,1606.7256,1614.0,1612.0699,1608.7162
0,2018-11-28,1603.5699,1618.6021,1608.5959,1613.8372
